,Class,Precision,Recall,F1-Score
0,0,0.9415322580645161,0.934,0.9377510040160643
1,1,0.9692460317460317,0.977,0.9731075697211156
2,2,0.9171717171717172,0.908,0.9125628140703518
3,3,0.8533201189296333,0.861,0.8571428571428571
4,4,0.9244917715392061,0.955,0.9394982784062961
5,5,0.8976458546571137,0.877,0.887202832574608
6,6,0.955,0.955,0.955
7,7,0.9558232931726908,0.952,0.9539078156312625
8,8,0.9706774519716885,0.96,0.9653092006033183
9,9,0.9542743538767395,0.96,0.9571286141575274
