,Class,Precision,Recall,F1-Score
0,0,1.0,1.0,1.0
1,1,1.0,1.0,1.0
2,2,1.0,1.0,1.0
3,3,0.9998,0.9998,0.9998
4,4,0.9994002399040384,0.9998,0.9996000799840032
5,5,1.0,0.9994,0.9996999099729919
6,6,0.9998000399920016,1.0,0.9999000099990001
7,7,0.9996001599360256,1.0,0.9998000399920016
8,8,1.0,0.9996,0.9997999599919984
9,9,1.0,1.0,1.0
